{
  "name": "fcn8_1_1_16_run00_fold1",
  "tag": "1_1_16",
  "run_id": 0,
  "fold": 0,
  "n_iter": 16000,
  "lr": 1e-05,
  "augment": true,
  "n_train": 300,
  "n_val": 76,
  "n_extra": 94,
  "ckpt_path": "D:\\Corine\\STAGE_M2_GREAH\\impl\u00e9mentation_d\u00e9tection_posidonie\\fcn_vgg16\\results\\kfold\\fcn8_1_1_16_run00_fold1.pth",
  "best_val_path": "D:\\Corine\\STAGE_M2_GREAH\\impl\u00e9mentation_d\u00e9tection_posidonie\\fcn_vgg16\\results\\kfold\\fcn8_1_1_16_run00_fold1_bestval.pth",
  "mix_metrics": {
    "accuracy": 0.9616055220516495,
    "precision": 0.9462911687955252,
    "recall": 0.9689444216142401,
    "fallout": 0.044307168650777766,
    "TP": 5677712,
    "FP": 322251,
    "TN": 6950861,
    "FN": 181976,
    "threshold": 0.30000000000000004,
    "tradeoff": 0.9623186264817312
  },
  "mix_auc": 0.9942758237912189,
  "extra_metrics": {
    "accuracy": 0.9658092617218222,
    "precision": 0.9516874766707004,
    "recall": 0.9730179402724257,
    "fallout": 0.04003310354051795,
    "TP": 7075154,
    "FP": 359171,
    "TN": 8612679,
    "FN": 196196,
    "threshold": 0.2,
    "tradeoff": 0.9664924183659539
  },
  "extra_auc": 0.9954487416444018,
  "history_last": {
    "train_loss": 0.025428656005766243,
    "val_loss": 0.1476151851054869,
    "train_acc": 0.9894872656249997,
    "val_acc": 0.9616982669346905,
    "train_prec": 0.9870799031352159,
    "val_prec": 0.9541868669131375,
    "train_rec": 0.9887627011311491,
    "val_rec": 0.9602625600543756,
    "train_fall": 0.009955382502949034,
    "val_fall": 0.03714503502764653
  }
}