{
  "fold": 2,
  "name": "kfold_fold2_ce_dice",
  "config": {
    "loss": "ce_dice",
    "img_h": 352,
    "img_w": 480,
    "preprocess": "expansion_rgb",
    "aug_strategy": "standard",
    "lr": 0.0001,
    "batch_size": 8,
    "n_epochs": 1000,
    "patience": 10
  },
  "n_train": 301,
  "n_val": 75,
  "best_epoch": 36,
  "best_val_loss": 0.11303972005844116,
  "n_epochs_run": 46,
  "val_metrics": {
    "accuracy": 0.9647810921717171,
    "precision": 0.9520282437202168,
    "recall": 0.9705573845202351,
    "f1": 0.9612035257541465,
    "fallout": 0.03993578277961821,
    "dice": 0.9612035257541465,
    "iou": 0.925304955864393,
    "iou_background": 0.9375237019055177,
    "miou": 0.9314143288849553,
    "recall_minus_fallout": 0.9306216017406169,
    "tp": 5528587,
    "tn": 6697119,
    "fp": 278580,
    "fn": 167714
  },
  "test_metrics": {
    "accuracy": 0.9687977262653127,
    "precision": 0.9575337691391431,
    "recall": 0.9734660844948145,
    "f1": 0.965434199553428,
    "fallout": 0.0349852997817508,
    "dice": 0.965434199553428,
    "iou": 0.9331781498447917,
    "iou_background": 0.9447018317527995,
    "miou": 0.9389399907987956,
    "recall_minus_fallout": 0.9384807847130637,
    "tp": 6920605,
    "tn": 8466073,
    "fp": 306926,
    "fn": 188636
  },
  "val_threshold": 0.4,
  "test_threshold": 0.4,
  "val_auc_roc": 0.9956559023199775,
  "test_auc_roc": 0.9965259683267794,
  "test_auc_pr": 0.9956787810041121
}