{
  "fold": 3,
  "name": "kfold_fold3_ce_dice",
  "config": {
    "loss": "ce_dice",
    "img_h": 352,
    "img_w": 480,
    "preprocess": null,
    "aug_strategy": "standard",
    "lr": 0.0001,
    "batch_size": 8,
    "n_epochs": 1000,
    "patience": 10
  },
  "n_train": 301,
  "n_val": 75,
  "best_epoch": 28,
  "best_val_loss": 0.10654248893260956,
  "n_epochs_run": 38,
  "val_metrics": {
    "accuracy": 0.9670509785353535,
    "precision": 0.9521520611247261,
    "recall": 0.9711331568754491,
    "f1": 0.9615489458261272,
    "fallout": 0.035956735363948396,
    "dice": 0.9615489458261272,
    "iou": 0.925945370233242,
    "iou_background": 0.9439661969335943,
    "miou": 0.9349557835834181,
    "recall_minus_fallout": 0.9351764215115007,
    "tp": 5220605,
    "tn": 7033865,
    "fp": 262348,
    "fn": 155182
  },
  "test_metrics": {
    "accuracy": 0.9696177617263056,
    "precision": 0.9622762338347793,
    "recall": 0.9701579957691686,
    "f1": 0.9662010412481529,
    "fallout": 0.030820019471106744,
    "dice": 0.966201041248153,
    "iou": 0.9346121245998272,
    "iou_background": 0.9462960730885718,
    "miou": 0.9404540988441995,
    "recall_minus_fallout": 0.9393379762980618,
    "tp": 6897087,
    "tn": 8502615,
    "fp": 270384,
    "fn": 212154
  },
  "val_threshold": 0.4,
  "test_threshold": 0.5,
  "val_auc_roc": 0.9961294262133029,
  "test_auc_roc": 0.9965462437831927,
  "test_auc_pr": 0.995674719745518
}