{
  "fold": 0,
  "name": "kfold_fold0_ce_dice",
  "config": {
    "loss": "ce_dice",
    "img_h": 352,
    "img_w": 480,
    "preprocess": "expansion_rgb",
    "aug_strategy": "standard",
    "lr": 0.0001,
    "batch_size": 8,
    "n_epochs": 1000,
    "patience": 10
  },
  "n_train": 300,
  "n_val": 76,
  "best_epoch": 39,
  "best_val_loss": 0.10213024467229843,
  "n_epochs_run": 49,
  "val_metrics": {
    "accuracy": 0.969225587495016,
    "precision": 0.9590196246554602,
    "recall": 0.971742001492858,
    "f1": 0.9653388972648224,
    "fallout": 0.03275969605448428,
    "dice": 0.9653388972648224,
    "iou": 0.9330000854510732,
    "iou_background": 0.9461471969077221,
    "miou": 0.9395736411793976,
    "recall_minus_fallout": 0.9389823054383738,
    "tp": 5502939,
    "tn": 6942848,
    "fp": 235149,
    "fn": 160024
  },
  "test_metrics": {
    "accuracy": 0.9691610251450677,
    "precision": 0.9604855229248357,
    "recall": 0.9710541533196019,
    "f1": 0.9657409244142078,
    "fallout": 0.03237308017474982,
    "dice": 0.9657409244142078,
    "iou": 0.93375146248267,
    "iou_background": 0.9454500621576513,
    "miou": 0.9396007623201607,
    "recall_minus_fallout": 0.938681073144852,
    "tp": 6903458,
    "tn": 8488990,
    "fp": 284009,
    "fn": 205783
  },
  "val_threshold": 0.5,
  "test_threshold": 0.5,
  "val_auc_roc": 0.9963264172502259,
  "test_auc_roc": 0.9964599752188434,
  "test_auc_pr": 0.9956713497874526
}