{
  "fold": 1,
  "name": "kfold_fold1_ce_dice",
  "config": {
    "loss": "ce_dice",
    "img_h": 352,
    "img_w": 480,
    "preprocess": null,
    "aug_strategy": "standard",
    "lr": 0.0001,
    "batch_size": 8,
    "n_epochs": 1000,
    "patience": 10
  },
  "n_train": 301,
  "n_val": 75,
  "best_epoch": 19,
  "best_val_loss": 0.15241961777210236,
  "n_epochs_run": 29,
  "val_metrics": {
    "accuracy": 0.9611187657828283,
    "precision": 0.9438690734993269,
    "recall": 0.9702122007814148,
    "f1": 0.9568593594787781,
    "fallout": 0.04615560092066037,
    "dice": 0.9568593594787781,
    "iou": 0.9172870103121167,
    "iou_background": 0.9316442570704131,
    "miou": 0.9244656336912649,
    "recall_minus_fallout": 0.9240565998607544,
    "tp": 5464076,
    "tn": 6715221,
    "fp": 324943,
    "fn": 167760
  },
  "test_metrics": {
    "accuracy": 0.969078354186815,
    "precision": 0.9571952964427096,
    "recall": 0.9744986841773967,
    "f1": 0.9657694916922336,
    "fallout": 0.035314035713443034,
    "dice": 0.9657694916922336,
    "iou": 0.9338048761222965,
    "iou_background": 0.9451542466664596,
    "miou": 0.939479561394378,
    "recall_minus_fallout": 0.9391846484639537,
    "tp": 6927946,
    "tn": 8463189,
    "fp": 309810,
    "fn": 181295
  },
  "val_threshold": 0.4,
  "test_threshold": 0.4,
  "val_auc_roc": 0.9891416252558788,
  "test_auc_roc": 0.9966721523081269,
  "test_auc_pr": 0.9959307019922158
}