{
  "fold": 4,
  "name": "kfold_fold4_ce_dice",
  "config": {
    "loss": "ce_dice",
    "img_h": 352,
    "img_w": 480,
    "preprocess": null,
    "aug_strategy": "standard",
    "lr": 0.0001,
    "batch_size": 8,
    "n_epochs": 1000,
    "patience": 10
  },
  "n_train": 301,
  "n_val": 75,
  "best_epoch": 37,
  "best_val_loss": 0.10084252804517746,
  "n_epochs_run": 47,
  "val_metrics": {
    "accuracy": 0.9678090277777778,
    "precision": 0.9497803117955946,
    "recall": 0.9754801900276878,
    "f1": 0.9624587199057023,
    "fallout": 0.03781512949841606,
    "dice": 0.9624587199057023,
    "iou": 0.9276341465837663,
    "iou_background": 0.9451932807341599,
    "miou": 0.9364137136589631,
    "recall_minus_fallout": 0.9376650605292718,
    "tp": 5229044,
    "tn": 7035032,
    "fp": 276486,
    "fn": 131438
  },
  "test_metrics": {
    "accuracy": 0.970882759610735,
    "precision": 0.9629753149263075,
    "recall": 0.9723358653898496,
    "f1": 0.9676329529961917,
    "fallout": 0.03029477149148199,
    "dice": 0.9676329529961917,
    "iou": 0.9372954665731618,
    "iou_background": 0.9484432537651887,
    "miou": 0.9428693601691752,
    "recall_minus_fallout": 0.9420410938983677,
    "tp": 6912570,
    "tn": 8507223,
    "fp": 265776,
    "fn": 196671
  },
  "val_threshold": 0.4,
  "test_threshold": 0.5,
  "val_auc_roc": 0.9966162327373493,
  "test_auc_roc": 0.9968358173978166,
  "test_auc_pr": 0.9961133639813229
}