{
  "fold": 2,
  "name": "kfold_fold2_ce_dice",
  "config": {
    "loss": "ce_dice",
    "img_h": 352,
    "img_w": 480,
    "preprocess": null,
    "aug_strategy": "standard",
    "lr": 0.0001,
    "batch_size": 8,
    "n_epochs": 1000,
    "patience": 10
  },
  "n_train": 301,
  "n_val": 75,
  "best_epoch": 29,
  "best_val_loss": 0.11572839841246604,
  "n_epochs_run": 39,
  "val_metrics": {
    "accuracy": 0.9648765782828282,
    "precision": 0.9558657540815705,
    "recall": 0.9664891304023435,
    "f1": 0.9611480886284895,
    "fallout": 0.03644021910922475,
    "dice": 0.9611480886284895,
    "iou": 0.9252022142016036,
    "iou_background": 0.9378945654326111,
    "miou": 0.9315483898171073,
    "recall_minus_fallout": 0.9300489112931187,
    "tp": 5505413,
    "tn": 6721503,
    "fp": 254196,
    "fn": 190888
  },
  "test_metrics": {
    "accuracy": 0.968372723243069,
    "precision": 0.9554809625939048,
    "recall": 0.9747611594542933,
    "f1": 0.9650247710336546,
    "fallout": 0.03680417608619356,
    "dice": 0.9650247710336545,
    "iou": 0.9324133989153034,
    "iou_background": 0.9438909757218935,
    "miou": 0.9381521873185985,
    "recall_minus_fallout": 0.9379569833680997,
    "tp": 6929812,
    "tn": 8450116,
    "fp": 322883,
    "fn": 179429
  },
  "val_threshold": 0.5,
  "test_threshold": 0.4,
  "val_auc_roc": 0.9951742318967052,
  "test_auc_roc": 0.9961361792239702,
  "test_auc_pr": 0.9951995619367835
}