{
  "fold": 0,
  "name": "kfold_fold0_ce_dice",
  "config": {
    "loss": "ce_dice",
    "img_h": 352,
    "img_w": 480,
    "preprocess": null,
    "aug_strategy": "standard",
    "lr": 0.0001,
    "batch_size": 8,
    "n_epochs": 1000,
    "patience": 10
  },
  "n_train": 300,
  "n_val": 76,
  "best_epoch": 37,
  "best_val_loss": 0.1008378617465496,
  "n_epochs_run": 47,
  "val_metrics": {
    "accuracy": 0.9691343170604066,
    "precision": 0.9561679734556291,
    "recall": 0.9746922238411234,
    "f1": 0.9653412398452312,
    "fallout": 0.035250502333729034,
    "dice": 0.9653412398452312,
    "iou": 0.9330044619743336,
    "iou_background": 0.945864226011888,
    "miou": 0.9394343439931108,
    "recall_minus_fallout": 0.9394417215073944,
    "tp": 5519646,
    "tn": 6924969,
    "fp": 253028,
    "fn": 143317
  },
  "test_metrics": {
    "accuracy": 0.9696924992948098,
    "precision": 0.9577047040228409,
    "recall": 0.9753675533014002,
    "f1": 0.9664554342536589,
    "fallout": 0.03490630740981505,
    "dice": 0.9664554342536589,
    "iou": 0.9350883031887105,
    "iou_background": 0.9462064476805567,
    "miou": 0.9406473754346336,
    "recall_minus_fallout": 0.9404612458915852,
    "tp": 6934123,
    "tn": 8466766,
    "fp": 306233,
    "fn": 175118
  },
  "val_threshold": 0.4,
  "test_threshold": 0.4,
  "val_auc_roc": 0.9963968174891921,
  "test_auc_roc": 0.9966803218354611,
  "test_auc_pr": 0.9959138261069316
}