{
  "fold": 1,
  "name": "kfold_fold1_ce_dice",
  "config": {
    "loss": "ce_dice",
    "img_h": 352,
    "img_w": 480,
    "preprocess": null,
    "aug_strategy": "standard",
    "lr": 0.0001,
    "batch_size": 8,
    "n_epochs": 1000,
    "patience": 10
  },
  "n_train": 301,
  "n_val": 75,
  "best_epoch": 16,
  "best_val_loss": 0.14253732226788998,
  "n_epochs_run": 26,
  "val_metrics": {
    "accuracy": 0.9610449021464647,
    "precision": 0.9484086292923357,
    "recall": 0.9648333154587598,
    "f1": 0.9565504715388905,
    "fallout": 0.041985669652013786,
    "dice": 0.9565504715388905,
    "iou": 0.9167194439673774,
    "iou_background": 0.9318010222683294,
    "miou": 0.9242602331178533,
    "recall_minus_fallout": 0.922847645806746,
    "tp": 5433783,
    "tn": 6744578,
    "fp": 295586,
    "fn": 198053
  },
  "test_metrics": {
    "accuracy": 0.9686810550652805,
    "precision": 0.9562237260797096,
    "recall": 0.9746525683965419,
    "f1": 0.9653502021351407,
    "fallout": 0.03615798884737135,
    "dice": 0.9653502021351406,
    "iou": 0.9330212059455016,
    "iou_background": 0.9444427690658088,
    "miou": 0.9387319875056552,
    "recall_minus_fallout": 0.9384945795491706,
    "tp": 6929040,
    "tn": 8455785,
    "fp": 317214,
    "fn": 180201
  },
  "val_threshold": 0.4,
  "test_threshold": 0.3,
  "val_auc_roc": 0.9893114369648334,
  "test_auc_roc": 0.9965157801407153,
  "test_auc_pr": 0.9957612314813862
}