{
  "fold": 4,
  "name": "kfold_fold4_ce_dice",
  "config": {
    "loss": "ce_dice",
    "img_h": 352,
    "img_w": 480,
    "preprocess": null,
    "aug_strategy": "standard",
    "lr": 0.0001,
    "batch_size": 8,
    "n_epochs": 1000,
    "patience": 10
  },
  "n_train": 301,
  "n_val": 75,
  "best_epoch": 49,
  "best_val_loss": 0.10123031958937645,
  "n_epochs_run": 59,
  "val_metrics": {
    "accuracy": 0.9679671717171717,
    "precision": 0.9528709345413396,
    "recall": 0.9723689026471873,
    "f1": 0.9625211852435108,
    "fallout": 0.03525998294745359,
    "dice": 0.9625211852435107,
    "iou": 0.927750207091629,
    "iou_background": 0.9455844616505313,
    "miou": 0.9366673343710802,
    "recall_minus_fallout": 0.9371089196997338,
    "tp": 5212366,
    "tn": 7053714,
    "fp": 257804,
    "fn": 148116
  },
  "test_metrics": {
    "accuracy": 0.9697700702167956,
    "precision": 0.9590001141074471,
    "recall": 0.9741114417136795,
    "f1": 0.9664967145261105,
    "fallout": 0.033747980593637365,
    "dice": 0.9664967145261105,
    "iou": 0.9351655946434128,
    "iou_background": 0.946397624127684,
    "miou": 0.9407816093855483,
    "recall_minus_fallout": 0.9403634611200421,
    "tp": 6925193,
    "tn": 8476928,
    "fp": 296071,
    "fn": 184048
  },
  "val_threshold": 0.4,
  "test_threshold": 0.4,
  "val_auc_roc": 0.9965013716901711,
  "test_auc_roc": 0.9963785013608357,
  "test_auc_pr": 0.995617622886005
}