{
  "fold": 0,
  "name": "kfold_fold0_ce_dice",
  "config": {
    "loss": "ce_dice",
    "img_h": 352,
    "img_w": 480,
    "preprocess": null,
    "aug_strategy": "standard",
    "lr": 0.0001,
    "batch_size": 8,
    "n_epochs": 1000,
    "patience": 10
  },
  "n_train": 300,
  "n_val": 76,
  "best_epoch": 38,
  "best_val_loss": 0.10174889415502548,
  "n_epochs_run": 48,
  "val_metrics": {
    "accuracy": 0.9683039274322169,
    "precision": 0.9538061764792731,
    "recall": 0.9753660760276908,
    "f1": 0.9644656524938335,
    "fallout": 0.037267638869172,
    "dice": 0.9644656524938335,
    "iou": 0.9313700263216912,
    "iou_background": 0.9443788027000486,
    "miou": 0.93787441451087,
    "recall_minus_fallout": 0.9380984371585188,
    "tp": 5523462,
    "tn": 6910490,
    "fp": 267507,
    "fn": 139501
  },
  "test_metrics": {
    "accuracy": 0.9696102061170213,
    "precision": 0.9627047791257367,
    "recall": 0.9696735558690442,
    "f1": 0.96617660167412,
    "fallout": 0.03044112965247118,
    "dice": 0.9661766016741201,
    "iou": 0.93456639038998,
    "iou_background": 0.9463032996139442,
    "miou": 0.9404348450019622,
    "recall_minus_fallout": 0.9392324262165731,
    "tp": 6893643,
    "tn": 8505939,
    "fp": 267060,
    "fn": 215598
  },
  "val_threshold": 0.4,
  "test_threshold": 0.5,
  "val_auc_roc": 0.9963850652538386,
  "test_auc_roc": 0.9965502416934767,
  "test_auc_pr": 0.9957479662305524
}