{
  "fold": 3,
  "name": "kfold_fold3_ce_dice",
  "config": {
    "loss": "ce_dice",
    "img_h": 352,
    "img_w": 480,
    "preprocess": null,
    "aug_strategy": "standard",
    "lr": 0.0001,
    "batch_size": 8,
    "n_epochs": 1000,
    "patience": 10
  },
  "n_train": 301,
  "n_val": 75,
  "best_epoch": 12,
  "best_val_loss": 0.10756065621972084,
  "n_epochs_run": 22,
  "val_metrics": {
    "accuracy": 0.9664418402777778,
    "precision": 0.9526260796930304,
    "recall": 0.9690880609667012,
    "f1": 0.9607865611886462,
    "fallout": 0.0355078723715988,
    "dice": 0.9607865611886462,
    "iou": 0.9245324639831336,
    "iou_background": 0.9430143617546606,
    "miou": 0.933773412868897,
    "recall_minus_fallout": 0.9335801885951024,
    "tp": 5209611,
    "tn": 7037140,
    "fp": 259073,
    "fn": 166176
  },
  "test_metrics": {
    "accuracy": 0.9696418137491941,
    "precision": 0.9647226264913604,
    "recall": 0.9675601094406562,
    "f1": 0.9661392845986683,
    "fallout": 0.028671267373904866,
    "dice": 0.9661392845986683,
    "iou": 0.9344965624538941,
    "iou_background": 0.9464486625493607,
    "miou": 0.9404726125016274,
    "recall_minus_fallout": 0.9388888420667513,
    "tp": 6878618,
    "tn": 8521466,
    "fp": 251533,
    "fn": 230623
  },
  "val_threshold": 0.4,
  "test_threshold": 0.5,
  "val_auc_roc": 0.9959291566938365,
  "test_auc_roc": 0.9964259989055965,
  "test_auc_pr": 0.995494716254809
}