{
  "fold": 2,
  "name": "kfold_fold2_ce_dice",
  "config": {
    "loss": "ce_dice",
    "img_h": 352,
    "img_w": 480,
    "preprocess": null,
    "aug_strategy": "standard",
    "lr": 0.0001,
    "batch_size": 8,
    "n_epochs": 1000,
    "patience": 10
  },
  "n_train": 301,
  "n_val": 75,
  "best_epoch": 28,
  "best_val_loss": 0.11049982830882073,
  "n_epochs_run": 38,
  "val_metrics": {
    "accuracy": 0.9664516256313131,
    "precision": 0.9545054462954775,
    "recall": 0.9716814473111586,
    "f1": 0.9630168667445839,
    "fallout": 0.03781900566523871,
    "dice": 0.9630168667445839,
    "iou": 0.9286716783149318,
    "iou_background": 0.9404337390587936,
    "miou": 0.9345527086868627,
    "recall_minus_fallout": 0.9338624416459199,
    "tp": 5534990,
    "tn": 6711885,
    "fp": 263814,
    "fn": 161311
  },
  "test_metrics": {
    "accuracy": 0.9699891828860413,
    "precision": 0.961333059192451,
    "recall": 0.9720531347861185,
    "f1": 0.9666633771068598,
    "fallout": 0.03168335024317226,
    "dice": 0.9666633771068599,
    "iou": 0.9354777094809549,
    "iou_background": 0.9468729379558789,
    "miou": 0.9411753237184168,
    "recall_minus_fallout": 0.9403697845429463,
    "tp": 6910560,
    "tn": 8495041,
    "fp": 277958,
    "fn": 198681
  },
  "val_threshold": 0.5,
  "test_threshold": 0.5,
  "val_auc_roc": 0.9958846092370973,
  "test_auc_roc": 0.9966921347079609,
  "test_auc_pr": 0.9959116577392884
}