{
  "fold": 1,
  "name": "kfold_fold1_ce_dice",
  "config": {
    "loss": "ce_dice",
    "img_h": 352,
    "img_w": 480,
    "preprocess": "expansion_rgb",
    "aug_strategy": "standard",
    "lr": 0.0001,
    "batch_size": 8,
    "n_epochs": 1000,
    "patience": 10
  },
  "n_train": 301,
  "n_val": 75,
  "best_epoch": 15,
  "best_val_loss": 0.1472438558936119,
  "n_epochs_run": 25,
  "val_metrics": {
    "accuracy": 0.9587567866161616,
    "precision": 0.9430835732371105,
    "recall": 0.9654673893202856,
    "f1": 0.9541442206437256,
    "fallout": 0.04661141416592,
    "dice": 0.9541442206437255,
    "iou": 0.9123095549856812,
    "iou_background": 0.9277595614215264,
    "miou": 0.9200345582036038,
    "recall_minus_fallout": 0.9188559751543657,
    "tp": 5437354,
    "tn": 6712012,
    "fp": 328152,
    "fn": 194482
  },
  "test_metrics": {
    "accuracy": 0.9659077686774662,
    "precision": 0.9573464217153795,
    "recall": 0.9669170028136618,
    "f1": 0.9621079119829711,
    "fallout": 0.0349100689513358,
    "dice": 0.9621079119829711,
    "iou": 0.9269826055049236,
    "iou_background": 0.9398923913050719,
    "miou": 0.9334374984049978,
    "recall_minus_fallout": 0.932006933862326,
    "tp": 6874046,
    "tn": 8466733,
    "fp": 306266,
    "fn": 235195
  },
  "val_threshold": 0.5,
  "test_threshold": 0.5,
  "val_auc_roc": 0.9892298545575107,
  "test_auc_roc": 0.9957529005451294,
  "test_auc_pr": 0.9947773159095628
}