{
  "fold": 0,
  "name": "kfold_fold0_ce_dice",
  "config": {
    "loss": "ce_dice",
    "img_h": 352,
    "img_w": 480,
    "preprocess": null,
    "aug_strategy": "standard",
    "lr": 0.0001,
    "batch_size": 8,
    "n_epochs": 1000,
    "patience": 10
  },
  "n_train": 300,
  "n_val": 76,
  "best_epoch": 26,
  "best_val_loss": 0.1051221139729023,
  "n_epochs_run": 36,
  "val_metrics": {
    "accuracy": 0.9679439854964115,
    "precision": 0.9566998427785905,
    "recall": 0.9712715763814809,
    "f1": 0.96393064252404,
    "fallout": 0.03468126275338371,
    "dice": 0.9639306425240401,
    "iou": 0.9303726971255458,
    "iou_background": 0.9439248516998073,
    "miou": 0.9371487744126765,
    "recall_minus_fallout": 0.9365903136280972,
    "tp": 5500275,
    "tn": 6929055,
    "fp": 248942,
    "fn": 162688
  },
  "test_metrics": {
    "accuracy": 0.9685123760880078,
    "precision": 0.959138486675971,
    "recall": 0.9710236296673583,
    "f1": 0.9650444662650238,
    "fallout": 0.03352263006071242,
    "dice": 0.9650444662650238,
    "iou": 0.9324501727937476,
    "iou_background": 0.9443040365635412,
    "miou": 0.9383771046786444,
    "recall_minus_fallout": 0.9375009996066459,
    "tp": 6903241,
    "tn": 8478905,
    "fp": 294094,
    "fn": 206000
  },
  "val_threshold": 0.4,
  "test_threshold": 0.4,
  "val_auc_roc": 0.9961224869339804,
  "test_auc_roc": 0.9963384325790438,
  "test_auc_pr": 0.9954996286599859
}