{
  "fold": 4,
  "name": "kfold_fold4_ce_dice",
  "config": {
    "loss": "ce_dice",
    "img_h": 352,
    "img_w": 480,
    "preprocess": null,
    "aug_strategy": "standard",
    "lr": 0.0001,
    "batch_size": 8,
    "n_epochs": 1000,
    "patience": 10
  },
  "n_train": 301,
  "n_val": 75,
  "best_epoch": 71,
  "best_val_loss": 0.10288185626268387,
  "n_epochs_run": 81,
  "val_metrics": {
    "accuracy": 0.9673198390151515,
    "precision": 0.9494232880314345,
    "recall": 0.9746666437831524,
    "f1": 0.9618793741126815,
    "fallout": 0.03806651368429921,
    "dice": 0.9618793741126814,
    "iou": 0.9265583884247836,
    "iou_background": 0.9443929941480939,
    "miou": 0.9354756912864387,
    "recall_minus_fallout": 0.9366001300988531,
    "tp": 5224683,
    "tn": 7033194,
    "fp": 278324,
    "fn": 135799
  },
  "test_metrics": {
    "accuracy": 0.969589931898775,
    "precision": 0.9622379191211771,
    "recall": 0.9701350678644879,
    "f1": 0.9661703566086248,
    "fallout": 0.030851821594873086,
    "dice": 0.9661703566086248,
    "iou": 0.934554704234635,
    "iou_background": 0.9462478559463017,
    "miou": 0.9404012800904684,
    "recall_minus_fallout": 0.9392832462696148,
    "tp": 6896924,
    "tn": 8502336,
    "fp": 270663,
    "fn": 212317
  },
  "val_threshold": 0.3,
  "test_threshold": 0.4,
  "val_auc_roc": 0.996432741922945,
  "test_auc_roc": 0.9964506078521534,
  "test_auc_pr": 0.9957024279203577
}