{
  "fold": 1,
  "name": "kfold_fold1_ce_dice",
  "config": {
    "loss": "ce_dice",
    "img_h": 352,
    "img_w": 480,
    "preprocess": null,
    "aug_strategy": "standard",
    "lr": 0.0001,
    "batch_size": 8,
    "n_epochs": 1000,
    "patience": 10
  },
  "n_train": 301,
  "n_val": 75,
  "best_epoch": 19,
  "best_val_loss": 0.1451443824917078,
  "n_epochs_run": 29,
  "val_metrics": {
    "accuracy": 0.9604672506313131,
    "precision": 0.9438529435223166,
    "recall": 0.9686722056537158,
    "f1": 0.9561015320592389,
    "fallout": 0.04609636934594137,
    "dice": 0.9561015320592389,
    "iou": 0.9158951386769306,
    "iou_background": 0.9305823783703039,
    "miou": 0.9232387585236173,
    "recall_minus_fallout": 0.9225758363077744,
    "tp": 5455403,
    "tn": 6715638,
    "fp": 324526,
    "fn": 176433
  },
  "test_metrics": {
    "accuracy": 0.9674057941449065,
    "precision": 0.9598121009866512,
    "recall": 0.9677018967284975,
    "f1": 0.9637408514062661,
    "fallout": 0.03283415397630844,
    "dice": 0.9637408514062661,
    "iou": 0.9300191488915881,
    "iou_background": 0.9424979233809202,
    "miou": 0.9362585361362541,
    "recall_minus_fallout": 0.9348677427521891,
    "tp": 6879626,
    "tn": 8484945,
    "fp": 288054,
    "fn": 229615
  },
  "val_threshold": 0.4,
  "test_threshold": 0.4,
  "val_auc_roc": 0.989420711252468,
  "test_auc_roc": 0.9959869363509045,
  "test_auc_pr": 0.9950594114400004
}