{
  "fold": 3,
  "name": "kfold_fold3_ce_dice",
  "config": {
    "loss": "ce_dice",
    "img_h": 352,
    "img_w": 480,
    "preprocess": null,
    "aug_strategy": "standard",
    "lr": 0.0001,
    "batch_size": 8,
    "n_epochs": 1000,
    "patience": 10
  },
  "n_train": 301,
  "n_val": 75,
  "best_epoch": 19,
  "best_val_loss": 0.11325275227427482,
  "n_epochs_run": 29,
  "val_metrics": {
    "accuracy": 0.9648038194444445,
    "precision": 0.9494206956028658,
    "recall": 0.9686373362635089,
    "f1": 0.958932752089199,
    "fallout": 0.038020682784343056,
    "dice": 0.958932752089199,
    "iou": 0.9211054847931983,
    "iou_background": 0.9402522126478202,
    "miou": 0.9306788487205093,
    "recall_minus_fallout": 0.9306166534791659,
    "tp": 5207188,
    "tn": 7018806,
    "fp": 277407,
    "fn": 168599
  },
  "test_metrics": {
    "accuracy": 0.9672339040336879,
    "precision": 0.9611082371344287,
    "recall": 0.9658846844550635,
    "f1": 0.9634905410924081,
    "fallout": 0.03167274953525015,
    "dice": 0.9634905410924081,
    "iou": 0.9295530617808923,
    "iou_background": 0.9422775114904466,
    "miou": 0.9359152866356695,
    "recall_minus_fallout": 0.9342119349198134,
    "tp": 6866707,
    "tn": 8495134,
    "fp": 277865,
    "fn": 242534
  },
  "val_threshold": 0.4,
  "test_threshold": 0.5,
  "val_auc_roc": 0.9955570658731252,
  "test_auc_roc": 0.9959366167727264,
  "test_auc_pr": 0.9948698403118432
}