{
  "fold": 2,
  "name": "kfold_fold2_ce_dice",
  "config": {
    "loss": "ce_dice",
    "img_h": 352,
    "img_w": 480,
    "preprocess": null,
    "aug_strategy": "standard",
    "lr": 0.0001,
    "batch_size": 8,
    "n_epochs": 1000,
    "patience": 10
  },
  "n_train": 301,
  "n_val": 75,
  "best_epoch": 45,
  "best_val_loss": 0.11513654291629791,
  "n_epochs_run": 55,
  "val_metrics": {
    "accuracy": 0.9643086332070707,
    "precision": 0.953934010503806,
    "recall": 0.9673129983826346,
    "f1": 0.9605769208139853,
    "fallout": 0.038144707792007654,
    "dice": 0.9605769208139853,
    "iou": 0.924144306634239,
    "iou_background": 0.9368489676054965,
    "miou": 0.9304966371198677,
    "recall_minus_fallout": 0.929168290590627,
    "tp": 5510106,
    "tn": 6709613,
    "fp": 266086,
    "fn": 186195
  },
  "test_metrics": {
    "accuracy": 0.9682913115530303,
    "precision": 0.9610471190156192,
    "recall": 0.9684133650835581,
    "f1": 0.9647161807144173,
    "fallout": 0.03180759509946371,
    "dice": 0.9647161807144173,
    "iou": 0.9318373983475741,
    "iou_background": 0.9440286895685895,
    "miou": 0.9379330439580817,
    "recall_minus_fallout": 0.9366057699840944,
    "tp": 6884684,
    "tn": 8493951,
    "fp": 279048,
    "fn": 224557
  },
  "val_threshold": 0.4,
  "test_threshold": 0.4,
  "val_auc_roc": 0.9953793818492787,
  "test_auc_roc": 0.9961783793107254,
  "test_auc_pr": 0.9953944894350945
}