{
  "fold": 3,
  "name": "kfold_fold3_ce_dice",
  "config": {
    "loss": "ce_dice",
    "img_h": 352,
    "img_w": 480,
    "preprocess": "expansion_rgb",
    "aug_strategy": "standard",
    "lr": 0.0001,
    "batch_size": 8,
    "n_epochs": 1000,
    "patience": 10
  },
  "n_train": 301,
  "n_val": 75,
  "best_epoch": 16,
  "best_val_loss": 0.11383967474102974,
  "n_epochs_run": 26,
  "val_metrics": {
    "accuracy": 0.9643093434343434,
    "precision": 0.9504600653066752,
    "recall": 0.9662306188842675,
    "f1": 0.9582804619449612,
    "fallout": 0.03710623579657008,
    "dice": 0.9582804619449611,
    "iou": 0.9199025524030545,
    "iou_background": 0.9395176356524355,
    "miou": 0.929710094027745,
    "recall_minus_fallout": 0.9291243830876974,
    "tp": 5194250,
    "tn": 7025478,
    "fp": 270735,
    "fn": 181537
  },
  "test_metrics": {
    "accuracy": 0.9664250130963894,
    "precision": 0.9527711668271609,
    "recall": 0.9732358208140643,
    "f1": 0.9628947709381176,
    "fallout": 0.039094156969583606,
    "dice": 0.9628947709381177,
    "iou": 0.9284446206187852,
    "iou_background": 0.9405076628266998,
    "miou": 0.9344761417227425,
    "recall_minus_fallout": 0.9341416638444807,
    "tp": 6918968,
    "tn": 8430026,
    "fp": 342973,
    "fn": 190273
  },
  "val_threshold": 0.4,
  "test_threshold": 0.4,
  "val_auc_roc": 0.9956221186516822,
  "test_auc_roc": 0.9959844776945844,
  "test_auc_pr": 0.9950016548314591
}