{
  "fold": 4,
  "name": "kfold_fold4_ce_dice",
  "config": {
    "loss": "ce_dice",
    "img_h": 352,
    "img_w": 480,
    "preprocess": "expansion_rgb",
    "aug_strategy": "standard",
    "lr": 0.0001,
    "batch_size": 8,
    "n_epochs": 1000,
    "patience": 10
  },
  "n_train": 301,
  "n_val": 75,
  "best_epoch": 38,
  "best_val_loss": 0.10339984893798829,
  "n_epochs_run": 48,
  "val_metrics": {
    "accuracy": 0.9676231060606061,
    "precision": 0.9542243156265874,
    "recall": 0.9699943027511332,
    "f1": 0.9620446875051458,
    "fallout": 0.034115350601612415,
    "dice": 0.9620446875051459,
    "iou": 0.9268652281308262,
    "iou_background": 0.9450936738485537,
    "miou": 0.9359794509896899,
    "recall_minus_fallout": 0.9358789521495208,
    "tp": 5199637,
    "tn": 7062083,
    "fp": 249435,
    "fn": 160845
  },
  "test_metrics": {
    "accuracy": 0.9694119343367182,
    "precision": 0.9594375737181471,
    "recall": 0.9727924542155766,
    "f1": 0.966068861896321,
    "fallout": 0.03332748584606017,
    "dice": 0.966068861896321,
    "iou": 0.9343648008011216,
    "iou_background": 0.9458193143665746,
    "miou": 0.9400920575838481,
    "recall_minus_fallout": 0.9394649683695164,
    "tp": 6915816,
    "tn": 8480617,
    "fp": 292382,
    "fn": 193425
  },
  "val_threshold": 0.4,
  "test_threshold": 0.4,
  "val_auc_roc": 0.9963733688973022,
  "test_auc_roc": 0.9966445013606776,
  "test_auc_pr": 0.9958959887461606
}